[{"shell": "/bin/bash", "uid": "0", "gid": "0", "gecos": "root", "login": "root", "password": "x", "homedir": "/root"}, {"shell": "/sbin/nologin", "uid": "1", "gid": "1", "gecos": "bin", "login": "bin", "password": "x", "homedir": "/bin"}, {"shell": "/sbin/nologin", "uid": "2", "gid": "2", "gecos": "daemon", "login": "daemon", "password": "x", "homedir": "/sbin"}, {"shell": "/sbin/nologin", "uid": "3", "gid": "4", "gecos": "adm", "login": "adm", "password": "x", "homedir": "/var/adm"}, {"shell": "/sbin/nologin", "uid": "4", "gid": "7", "gecos": "lp", "login": "lp", "password": "x", "homedir": "/var/spool/lpd"}, {"shell": "/bin/sync", "uid": "5", "gid": "0", "gecos": "sync", "login": "sync", "password": "x", "homedir": "/sbin"}, {"shell": "/sbin/shutdown", "uid": "6", "gid": "0", "gecos": "shutdown", "login": "shutdown", "password": "x", "homedir": "/sbin"}, {"shell": "/sbin/halt", "uid": "7", "gid": "0", "gecos": "halt", "login": "halt", "password": "x", "homedir": "/sbin"}, {"shell": "/sbin/nologin", "uid": "8", "gid": "12", "gecos": "mail", "login": "mail", "password": "x", "homedir": "/var/spool/mail"}, {"shell": "/sbin/nologin", "uid": "10", "gid": "14", "gecos": "uucp", "login": "uucp", "password": "x", "homedir": "/var/spool/uucp"}, {"shell": "/sbin/nologin", "uid": "11", "gid": "0", "gecos": "operator", "login": "operator", "password": "x", "homedir": "/root"}, {"shell": "/sbin/nologin", "uid": "12", "gid": "100", "gecos": "games", "login": "games", "password": "x", "homedir": "/usr/games"}, {"shell": "/sbin/nologin", "uid": "13", "gid": "30", "gecos": "gopher", "login": "gopher", "password": "x", "homedir": "/var/gopher"}, {"shell": "/sbin/nologin", "uid": "14", "gid": "50", "gecos": "FTP User", "login": "ftp", "password": "x", "homedir": "/var/ftp"}, {"shell": "/sbin/nologin", "uid": "99", "gid": "99", "gecos": "Nobody", "login": "nobody", "password": "x", "homedir": "/"}, {"shell": "/sbin/nologin", "uid": "81", "gid": "81", "gecos": "System message bus", "login": "dbus", "password": "x", "homedir": "/"}, {"shell": "/sbin/nologin", "uid": "999", "gid": "999", "gecos": "User for polkitd", "login": "polkitd", "password": "x", "homedir": "/"}, {"shell": "/sbin/nologin", "uid": "173", "gid": "173", "gecos": "", "login": "abrt", "password": "x", "homedir": "/etc/abrt"}, {"shell": "/sbin/nologin", "uid": "48", "gid": "48", "gecos": "Apache", "login": "apache", "password": "x", "homedir": "/usr/share/httpd"}, {"shell": "/sbin/nologin", "uid": "113", "gid": "113", "gecos": "usbmuxd user", "login": "usbmuxd", "password": "x", "homedir": "/"}, {"shell": "/sbin/nologin", "uid": "32", "gid": "32", "gecos": "Rpcbind Daemon", "login": "rpc", "password": "x", "homedir": "/var/lib/rpcbind"}, {"shell": "/sbin/nologin", "uid": "16", "gid": "16", "gecos": "Special user account to be used by OProfile", "login": "oprofile", "password": "x", "homedir": "/var/lib/oprofile"}, {"shell": "/sbin/nologin", "uid": "172", "gid": "172", "gecos": "RealtimeKit", "login": "rtkit", "password": "x", "homedir": "/proc"}, {"shell": "/sbin/nologin", "uid": "998", "gid": "996", "gecos": "OpenVPN", "login": "openvpn", "password": "x", "homedir": "/etc/openvpn"}, {"shell": "/sbin/nologin", "uid": "997", "gid": "995", "gecos": "User for colord", "login": "colord", "password": "x", "homedir": "/var/lib/colord"}, {"shell": "/sbin/nologin", "uid": "59", "gid": "59", "gecos": "Account used by the trousers package to sandbox the tcsd daemon", "login": "tss", "password": "x", "homedir": "/dev/null"}, {"shell": "/sbin/nologin", "uid": "996", "gid": "994", "gecos": "radvd user", "login": "radvd", "password": "x", "homedir": "/"}, {"shell": "/sbin/nologin", "uid": "170", "gid": "170", "gecos": "Avahi IPv4LL Stack", "login": "avahi-autoipd", "password": "x", "homedir": "/var/lib/avahi-autoipd"}, {"shell": "/sbin/nologin", "uid": "995", "gid": "76", "gecos": "\"Saslauthd user\"", "login": "saslauth", "password": "x", "homedir": "/run/saslauthd"}, {"shell": "/sbin/nologin", "uid": "42", "gid": "42", "gecos": "", "login": "gdm", "password": "x", "homedir": "/var/lib/gdm"}, {"shell": "/sbin/nologin", "uid": "96", "gid": "96", "gecos": "", "login": "hsqldb", "password": "x", "homedir": "/var/lib/hsqldb"}, {"shell": "/sbin/nologin", "uid": "29", "gid": "29", "gecos": "RPC Service User", "login": "rpcuser", "password": "x", "homedir": "/var/lib/nfs"}, {"shell": "/sbin/nologin", "uid": "65534", "gid": "65534", "gecos": "Anonymous NFS User", "login": "nfsnobody", "password": "x", "homedir": "/var/lib/nfs"}, {"shell": "/sbin/nologin", "uid": "994", "gid": "992", "gecos": "NetworkManager user for OpenConnect", "login": "nm-openconnect", "password": "x", "homedir": "/"}, {"shell": "/sbin/nologin", "uid": "47", "gid": "47", "gecos": "", "login": "mailnull", "password": "x", "homedir": "/var/spool/mqueue"}, {"shell": "/sbin/nologin", "uid": "51", "gid": "51", "gecos": "", "login": "smmsp", "password": "x", "homedir": "/var/spool/mqueue"}, {"shell": "/sbin/nologin", "uid": "94", "gid": "94", "gecos": "Distcache", "login": "distcache", "password": "x", "homedir": "/"}, {"shell": "/sbin/nologin", "uid": "70", "gid": "70", "gecos": "Avahi mDNS/DNS-SD Stack", "login": "avahi", "password": "x", "homedir": "/var/run/avahi-daemon"}, {"shell": "/sbin/nologin", "uid": "993", "gid": "991", "gecos": "MongoDB Database Server", "login": "mongodb", "password": "x", "homedir": "/var/lib/mongodb"}, {"shell": "/sbin/nologin", "uid": "67", "gid": "67", "gecos": "Webalizer", "login": "webalizer", "password": "x", "homedir": "/var/www/usage"}, {"shell": "/sbin/nologin", "uid": "74", "gid": "74", "gecos": "Privilege-separated SSH", "login": "sshd", "password": "x", "homedir": "/var/empty/sshd"}, {"shell": "/bin/bash", "uid": "26", "gid": "26", "gecos": "PostgreSQL Server", "login": "postgres", "password": "x", "homedir": "/var/lib/pgsql"}, {"shell": "/bin/bash", "uid": "27", "gid": "27", "gecos": "MySQL Server", "login": "mysql", "password": "x", "homedir": "/var/lib/mysql"}, {"shell": "/sbin/nologin", "uid": "23", "gid": "23", "gecos": "", "login": "squid", "password": "x", "homedir": "/var/spool/squid"}, {"shell": "/sbin/nologin", "uid": "992", "gid": "990", "gecos": "", "login": "chrony", "password": "x", "homedir": "/var/lib/chrony"}, {"shell": "/sbin/nologin", "uid": "72", "gid": "72", "gecos": "", "login": "tcpdump", "password": "x", "homedir": "/"}, {"shell": "/sbin/nologin", "uid": "991", "gid": "988", "gecos": "PulseAudio System Daemon", "login": "pulse", "password": "x", "homedir": "/var/run/pulse"}, {"shell": "/sbin/nologin", "uid": "107", "gid": "107", "gecos": "qemu user", "login": "qemu", "password": "x", "homedir": "/"}, {"shell": "/bin/bash", "uid": "1000", "gid": "1000", "gecos": "ravi", "login": "ravi", "password": "x", "homedir": "/home/ravi"}, {"shell": "/sbin/nologin", "uid": "990", "gid": "986", "gecos": "", "login": "lightdm", "password": "x", "homedir": "/var/log/lightdm"}, {"shell": "/sbin/nologin", "uid": "177", "gid": "177", "gecos": "DHCP server", "login": "dhcpd", "password": "x", "homedir": "/"}, {"shell": "/bin/bash", "uid": "1001", "gid": "1001", "gecos": "", "login": "training", "password": "x", "homedir": "/home/training"}, {"shell": "/sbin/nologin", "uid": "989", "gid": "984", "gecos": "Account for ZNC to run as", "login": "znc", "password": "x", "homedir": "/var/lib/znc"}, {"shell": "/sbin/nologin", "uid": "61", "gid": "61", "gecos": "prelude-manager", "login": "prelude-manager", "password": "x", "homedir": "/"}, {"shell": "/sbin/nologin", "uid": "988", "gid": "983", "gecos": "Clamav database update user", "login": "clamupdate", "password": "x", "homedir": "/var/lib/clamav"}, {"shell": "/sbin/nologin", "uid": "987", "gid": "982", "gecos": "", "login": "nagios", "password": "x", "homedir": "/var/spool/nagios"}, {"shell": "/sbin/nologin", "uid": "986", "gid": "12", "gecos": "User to own clamsmtp directories and default processes", "login": "clamsmtp", "password": "x", "homedir": "/var/lib/clamd.clamsmtp"}, {"shell": "/sbin/nologin", "uid": "985", "gid": "981", "gecos": "Nginx web server", "login": "nginx", "password": "x", "homedir": "/var/lib/nginx"}, {"shell": "/sbin/nologin", "uid": "984", "gid": "980", "gecos": "Memcached daemon", "login": "memcached", "password": "x", "homedir": "/run/memcached"}, {"shell": "/bin/ksh", "uid": "1002", "gid": "1002", "gecos": "", "login": "testit", "password": "x", "homedir": "/home/testit"}, {"shell": "/bin/bash", "uid": "1003", "gid": "1006", "gecos": "", "login": "thinkpad", "password": "x", "homedir": "/home/thinkpad"}, {"shell": "/bin/bash", "uid": "1004", "gid": "1004", "gecos": "", "login": "lenovo", "password": "x", "homedir": "/home/lenovo"}, {"shell": "/bin/bash", "uid": "1005", "gid": "1007", "gecos": "", "login": "samsung", "password": "x", "homedir": "/home/samsung"}, {"shell": "/bin/bash", "uid": "1006", "gid": "1008", "gecos": "", "login": "janaki", "password": "x", "homedir": "/home/janaki"}, {"shell": "/sbin/nologin", "uid": "110", "gid": "110", "gecos": "", "login": "jetty", "password": "x", "homedir": "/usr/share/jetty"}]