<?xml version="1.0"?><passwd><user><shell>/bin/bash</shell><uid>0</uid><gid>0</gid><gecos>root</gecos><login>root</login><password>x</password><homedir>/root</homedir></user><user><shell>/sbin/nologin</shell><uid>1</uid><gid>1</gid><gecos>bin</gecos><login>bin</login><password>x</password><homedir>/bin</homedir></user><user><shell>/sbin/nologin</shell><uid>2</uid><gid>2</gid><gecos>daemon</gecos><login>daemon</login><password>x</password><homedir>/sbin</homedir></user><user><shell>/sbin/nologin</shell><uid>3</uid><gid>4</gid><gecos>adm</gecos><login>adm</login><password>x</password><homedir>/var/adm</homedir></user><user><shell>/sbin/nologin</shell><uid>4</uid><gid>7</gid><gecos>lp</gecos><login>lp</login><password>x</password><homedir>/var/spool/lpd</homedir></user><user><shell>/bin/sync</shell><uid>5</uid><gid>0</gid><gecos>sync</gecos><login>sync</login><password>x</password><homedir>/sbin</homedir></user><user><shell>/sbin/shutdown</shell><uid>6</uid><gid>0</gid><gecos>shutdown</gecos><login>shutdown</login><password>x</password><homedir>/sbin</homedir></user><user><shell>/sbin/halt</shell><uid>7</uid><gid>0</gid><gecos>halt</gecos><login>halt</login><password>x</password><homedir>/sbin</homedir></user><user><shell>/sbin/nologin</shell><uid>8</uid><gid>12</gid><gecos>mail</gecos><login>mail</login><password>x</password><homedir>/var/spool/mail</homedir></user><user><shell>/sbin/nologin</shell><uid>10</uid><gid>14</gid><gecos>uucp</gecos><login>uucp</login><password>x</password><homedir>/var/spool/uucp</homedir></user><user><shell>/sbin/nologin</shell><uid>11</uid><gid>0</gid><gecos>operator</gecos><login>operator</login><password>x</password><homedir>/root</homedir></user><user><shell>/sbin/nologin</shell><uid>12</uid><gid>100</gid><gecos>games</gecos><login>games</login><password>x</password><homedir>/usr/games</homedir></user><user><shell>/sbin/nologin</shell><uid>13</uid><gid>30</gid><gecos>gopher</gecos><login>gopher</login><password>x</password><homedir>/var/gopher</homedir></user><user><shell>/sbin/nologin</shell><uid>14</uid><gid>50</gid><gecos>FTP User</gecos><login>ftp</login><password>x</password><homedir>/var/ftp</homedir></user><user><shell>/sbin/nologin</shell><uid>99</uid><gid>99</gid><gecos>Nobody</gecos><login>nobody</login><password>x</password><homedir>/</homedir></user><user><shell>/sbin/nologin</shell><uid>81</uid><gid>81</gid><gecos>System message bus</gecos><login>dbus</login><password>x</password><homedir>/</homedir></user><user><shell>/sbin/nologin</shell><uid>999</uid><gid>999</gid><gecos>User for polkitd</gecos><login>polkitd</login><password>x</password><homedir>/</homedir></user><user><shell>/sbin/nologin</shell><uid>173</uid><gid>173</gid><gecos></gecos><login>abrt</login><password>x</password><homedir>/etc/abrt</homedir></user><user><shell>/sbin/nologin</shell><uid>48</uid><gid>48</gid><gecos>Apache</gecos><login>apache</login><password>x</password><homedir>/usr/share/httpd</homedir></user><user><shell>/sbin/nologin</shell><uid>113</uid><gid>113</gid><gecos>usbmuxd user</gecos><login>usbmuxd</login><password>x</password><homedir>/</homedir></user><user><shell>/sbin/nologin</shell><uid>32</uid><gid>32</gid><gecos>Rpcbind Daemon</gecos><login>rpc</login><password>x</password><homedir>/var/lib/rpcbind</homedir></user><user><shell>/sbin/nologin</shell><uid>16</uid><gid>16</gid><gecos>Special user account to be used by OProfile</gecos><login>oprofile</login><password>x</password><homedir>/var/lib/oprofile</homedir></user><user><shell>/sbin/nologin</shell><uid>172</uid><gid>172</gid><gecos>RealtimeKit</gecos><login>rtkit</login><password>x</password><homedir>/proc</homedir></user><user><shell>/sbin/nologin</shell><uid>998</uid><gid>996</gid><gecos>OpenVPN</gecos><login>openvpn</login><password>x</password><homedir>/etc/openvpn</homedir></user><user><shell>/sbin/nologin</shell><uid>997</uid><gid>995</gid><gecos>User for colord</gecos><login>colord</login><password>x</password><homedir>/var/lib/colord</homedir></user><user><shell>/sbin/nologin</shell><uid>59</uid><gid>59</gid><gecos>Account used by the trousers package to sandbox the tcsd daemon</gecos><login>tss</login><password>x</password><homedir>/dev/null</homedir></user><user><shell>/sbin/nologin</shell><uid>996</uid><gid>994</gid><gecos>radvd user</gecos><login>radvd</login><password>x</password><homedir>/</homedir></user><user><shell>/sbin/nologin</shell><uid>170</uid><gid>170</gid><gecos>Avahi IPv4LL Stack</gecos><login>avahi-autoipd</login><password>x</password><homedir>/var/lib/avahi-autoipd</homedir></user><user><shell>/sbin/nologin</shell><uid>995</uid><gid>76</gid><gecos>"Saslauthd user"</gecos><login>saslauth</login><password>x</password><homedir>/run/saslauthd</homedir></user><user><shell>/sbin/nologin</shell><uid>42</uid><gid>42</gid><gecos></gecos><login>gdm</login><password>x</password><homedir>/var/lib/gdm</homedir></user><user><shell>/sbin/nologin</shell><uid>96</uid><gid>96</gid><gecos></gecos><login>hsqldb</login><password>x</password><homedir>/var/lib/hsqldb</homedir></user><user><shell>/sbin/nologin</shell><uid>29</uid><gid>29</gid><gecos>RPC Service User</gecos><login>rpcuser</login><password>x</password><homedir>/var/lib/nfs</homedir></user><user><shell>/sbin/nologin</shell><uid>65534</uid><gid>65534</gid><gecos>Anonymous NFS User</gecos><login>nfsnobody</login><password>x</password><homedir>/var/lib/nfs</homedir></user><user><shell>/sbin/nologin</shell><uid>994</uid><gid>992</gid><gecos>NetworkManager user for OpenConnect</gecos><login>nm-openconnect</login><password>x</password><homedir>/</homedir></user><user><shell>/sbin/nologin</shell><uid>47</uid><gid>47</gid><gecos></gecos><login>mailnull</login><password>x</password><homedir>/var/spool/mqueue</homedir></user><user><shell>/sbin/nologin</shell><uid>51</uid><gid>51</gid><gecos></gecos><login>smmsp</login><password>x</password><homedir>/var/spool/mqueue</homedir></user><user><shell>/sbin/nologin</shell><uid>94</uid><gid>94</gid><gecos>Distcache</gecos><login>distcache</login><password>x</password><homedir>/</homedir></user><user><shell>/sbin/nologin</shell><uid>70</uid><gid>70</gid><gecos>Avahi mDNS/DNS-SD Stack</gecos><login>avahi</login><password>x</password><homedir>/var/run/avahi-daemon</homedir></user><user><shell>/sbin/nologin</shell><uid>993</uid><gid>991</gid><gecos>MongoDB Database Server</gecos><login>mongodb</login><password>x</password><homedir>/var/lib/mongodb</homedir></user><user><shell>/sbin/nologin</shell><uid>67</uid><gid>67</gid><gecos>Webalizer</gecos><login>webalizer</login><password>x</password><homedir>/var/www/usage</homedir></user><user><shell>/sbin/nologin</shell><uid>74</uid><gid>74</gid><gecos>Privilege-separated SSH</gecos><login>sshd</login><password>x</password><homedir>/var/empty/sshd</homedir></user><user><shell>/bin/bash</shell><uid>26</uid><gid>26</gid><gecos>PostgreSQL Server</gecos><login>postgres</login><password>x</password><homedir>/var/lib/pgsql</homedir></user><user><shell>/bin/bash</shell><uid>27</uid><gid>27</gid><gecos>MySQL Server</gecos><login>mysql</login><password>x</password><homedir>/var/lib/mysql</homedir></user><user><shell>/sbin/nologin</shell><uid>23</uid><gid>23</gid><gecos></gecos><login>squid</login><password>x</password><homedir>/var/spool/squid</homedir></user><user><shell>/sbin/nologin</shell><uid>992</uid><gid>990</gid><gecos></gecos><login>chrony</login><password>x</password><homedir>/var/lib/chrony</homedir></user><user><shell>/sbin/nologin</shell><uid>72</uid><gid>72</gid><gecos></gecos><login>tcpdump</login><password>x</password><homedir>/</homedir></user><user><shell>/sbin/nologin</shell><uid>991</uid><gid>988</gid><gecos>PulseAudio System Daemon</gecos><login>pulse</login><password>x</password><homedir>/var/run/pulse</homedir></user><user><shell>/sbin/nologin</shell><uid>107</uid><gid>107</gid><gecos>qemu user</gecos><login>qemu</login><password>x</password><homedir>/</homedir></user><user><shell>/bin/bash</shell><uid>1000</uid><gid>1000</gid><gecos>ravi</gecos><login>ravi</login><password>x</password><homedir>/home/ravi</homedir></user><user><shell>/sbin/nologin</shell><uid>990</uid><gid>986</gid><gecos></gecos><login>lightdm</login><password>x</password><homedir>/var/log/lightdm</homedir></user><user><shell>/sbin/nologin</shell><uid>177</uid><gid>177</gid><gecos>DHCP server</gecos><login>dhcpd</login><password>x</password><homedir>/</homedir></user><user><shell>/bin/bash</shell><uid>1001</uid><gid>1001</gid><gecos></gecos><login>training</login><password>x</password><homedir>/home/training</homedir></user><user><shell>/sbin/nologin</shell><uid>989</uid><gid>984</gid><gecos>Account for ZNC to run as</gecos><login>znc</login><password>x</password><homedir>/var/lib/znc</homedir></user><user><shell>/sbin/nologin</shell><uid>61</uid><gid>61</gid><gecos>prelude-manager</gecos><login>prelude-manager</login><password>x</password><homedir>/</homedir></user><user><shell>/sbin/nologin</shell><uid>988</uid><gid>983</gid><gecos>Clamav database update user</gecos><login>clamupdate</login><password>x</password><homedir>/var/lib/clamav</homedir></user><user><shell>/sbin/nologin</shell><uid>987</uid><gid>982</gid><gecos></gecos><login>nagios</login><password>x</password><homedir>/var/spool/nagios</homedir></user><user><shell>/sbin/nologin</shell><uid>986</uid><gid>12</gid><gecos>User to own clamsmtp directories and default processes</gecos><login>clamsmtp</login><password>x</password><homedir>/var/lib/clamd.clamsmtp</homedir></user><user><shell>/sbin/nologin</shell><uid>985</uid><gid>981</gid><gecos>Nginx web server</gecos><login>nginx</login><password>x</password><homedir>/var/lib/nginx</homedir></user><user><shell>/sbin/nologin</shell><uid>984</uid><gid>980</gid><gecos>Memcached daemon</gecos><login>memcached</login><password>x</password><homedir>/run/memcached</homedir></user><user><shell>/bin/ksh</shell><uid>1002</uid><gid>1002</gid><gecos></gecos><login>testit</login><password>x</password><homedir>/home/testit</homedir></user><user><shell>/bin/bash</shell><uid>1003</uid><gid>1006</gid><gecos></gecos><login>thinkpad</login><password>x</password><homedir>/home/thinkpad</homedir></user><user><shell>/bin/bash</shell><uid>1004</uid><gid>1004</gid><gecos></gecos><login>lenovo</login><password>x</password><homedir>/home/lenovo</homedir></user><user><shell>/bin/bash</shell><uid>1005</uid><gid>1007</gid><gecos></gecos><login>samsung</login><password>x</password><homedir>/home/samsung</homedir></user><user><shell>/bin/bash</shell><uid>1006</uid><gid>1008</gid><gecos></gecos><login>janaki</login><password>x</password><homedir>/home/janaki</homedir></user><user><shell>/sbin/nologin</shell><uid>110</uid><gid>110</gid><gecos></gecos><login>jetty</login><password>x</password><homedir>/usr/share/jetty</homedir></user></passwd>