<?xml version="1.0" encoding="UTF-8"?>
<robot generated="20120508 00:35:44.236" generator="Robot 2.7.1 (Python 2.7.2 on linux2)">
<suite source="/home/ravi/Training/may-07-python/robot/myobj/MyObject.tsv" id="s1" name="MyObject">
<metadata>
</metadata>
<test id="s1-t1" timeout="" name="Example">
<kw type="kw" name="BuiltIn.Log" timeout="">
<doc>Logs the given message with the given level.</doc>
<arguments>
<arg>${OBJECT.name}</arg>
</arguments>
<msg timestamp="20120508 00:35:44.263" level="FAIL">Resolving variable '${OBJECT.name}' failed: Non-existing variable '${OBJECT}'.</msg>
<status status="FAIL" endtime="20120508 00:35:44.263" starttime="20120508 00:35:44.262"></status>
</kw>
<doc></doc>
<tags>
</tags>
<status status="FAIL" endtime="20120508 00:35:44.263" critical="yes" starttime="20120508 00:35:44.262">Resolving variable '${OBJECT.name}' failed: Non-existing variable '${OBJECT}'.</status>
</test>
<doc></doc>
<status status="FAIL" endtime="20120508 00:35:44.264" starttime="20120508 00:35:44.236"></status>
</suite>
<statistics>
<total>
<stat fail="1" pass="0">Critical Tests</stat>
<stat fail="1" pass="0">All Tests</stat>
</total>
<tag>
</tag>
<suite>
<stat fail="1" id="s1" name="MyObject" pass="0">MyObject</stat>
</suite>
</statistics>
<errors>
<msg timestamp="20120508 00:35:44.230" level="ERROR">Error in file '/home/ravi/Training/may-07-python/robot/myobj/MyObject.tsv' in table 'Settings': Non-existing setting 'Library MyObject'.</msg>
</errors>
</robot>
