<?xml version="1.0" encoding="UTF-8"?>
<robot generated="20120509 14:15:39.020" generator="Robot 2.7.1 (Python 2.7.2 on linux2)">
<suite source="/home/ravi/Training/may-07-python/day3/robot/05/recipe39.html" id="s1" name="Recipe39">
<metadata>
</metadata>
<test id="s1-t1" timeout="" name="Adding two items of the same kind with no sales tax">
<kw type="kw" name="Adding items to cart" timeout="">
<doc></doc>
<arguments>
<arg>frozen pizza</arg>
<arg>2.50</arg>
<arg>frozen pizza</arg>
<arg>2.50</arg>
<arg>0.0</arg>
<arg>5.00</arg>
</arguments>
<kw type="kw" name="Add item" timeout="">
<doc></doc>
<arguments>
<arg>${item1}</arg>
<arg>${price1}</arg>
</arguments>
<kw type="kw" name="recipe39.Add Item To Cart" timeout="">
<doc></doc>
<arguments>
<arg>${description}</arg>
<arg>${price}</arg>
</arguments>
<status status="PASS" endtime="20120509 14:15:39.049" starttime="20120509 14:15:39.049"></status>
</kw>
<status status="PASS" endtime="20120509 14:15:39.050" starttime="20120509 14:15:39.048"></status>
</kw>
<kw type="kw" name="Add item" timeout="">
<doc></doc>
<arguments>
<arg>${item2}</arg>
<arg>${price2}</arg>
</arguments>
<kw type="kw" name="recipe39.Add Item To Cart" timeout="">
<doc></doc>
<arguments>
<arg>${description}</arg>
<arg>${price}</arg>
</arguments>
<status status="PASS" endtime="20120509 14:15:39.051" starttime="20120509 14:15:39.051"></status>
</kw>
<status status="PASS" endtime="20120509 14:15:39.051" starttime="20120509 14:15:39.050"></status>
</kw>
<kw type="kw" name="${calculated total} = recipe39.Get Total" timeout="">
<doc></doc>
<arguments>
<arg>${tax}</arg>
</arguments>
<msg timestamp="20120509 14:15:39.052" level="INFO">${calculated total} = 5.00</msg>
<status status="PASS" endtime="20120509 14:15:39.052" starttime="20120509 14:15:39.052"></status>
</kw>
<kw type="kw" name="BuiltIn.Should Be Equal" timeout="">
<doc>Fails if the given objects are unequal.</doc>
<arguments>
<arg>${calculated total}</arg>
<arg>${total}</arg>
</arguments>
<msg timestamp="20120509 14:15:39.053" level="INFO">Argument types are:
&lt;type 'str'&gt;
&lt;type 'unicode'&gt;</msg>
<status status="PASS" endtime="20120509 14:15:39.053" starttime="20120509 14:15:39.053"></status>
</kw>
<status status="PASS" endtime="20120509 14:15:39.053" starttime="20120509 14:15:39.047"></status>
</kw>
<doc></doc>
<tags>
</tags>
<status status="PASS" endtime="20120509 14:15:39.054" critical="yes" starttime="20120509 14:15:39.047"></status>
</test>
<test id="s1-t2" timeout="" name="Adding two items of the same kind with sales tax">
<kw type="kw" name="Adding items to cart" timeout="">
<doc></doc>
<arguments>
<arg>frozen pizza</arg>
<arg>2.50</arg>
<arg>frozen pizza</arg>
<arg>2.50</arg>
<arg>10.0</arg>
<arg>5.50</arg>
</arguments>
<kw type="kw" name="Add item" timeout="">
<doc></doc>
<arguments>
<arg>${item1}</arg>
<arg>${price1}</arg>
</arguments>
<kw type="kw" name="recipe39.Add Item To Cart" timeout="">
<doc></doc>
<arguments>
<arg>${description}</arg>
<arg>${price}</arg>
</arguments>
<status status="PASS" endtime="20120509 14:15:39.057" starttime="20120509 14:15:39.056"></status>
</kw>
<status status="PASS" endtime="20120509 14:15:39.057" starttime="20120509 14:15:39.055"></status>
</kw>
<kw type="kw" name="Add item" timeout="">
<doc></doc>
<arguments>
<arg>${item2}</arg>
<arg>${price2}</arg>
</arguments>
<kw type="kw" name="recipe39.Add Item To Cart" timeout="">
<doc></doc>
<arguments>
<arg>${description}</arg>
<arg>${price}</arg>
</arguments>
<status status="PASS" endtime="20120509 14:15:39.058" starttime="20120509 14:15:39.058"></status>
</kw>
<status status="PASS" endtime="20120509 14:15:39.058" starttime="20120509 14:15:39.057"></status>
</kw>
<kw type="kw" name="${calculated total} = recipe39.Get Total" timeout="">
<doc></doc>
<arguments>
<arg>${tax}</arg>
</arguments>
<msg timestamp="20120509 14:15:39.059" level="INFO">${calculated total} = 5.50</msg>
<status status="PASS" endtime="20120509 14:15:39.059" starttime="20120509 14:15:39.059"></status>
</kw>
<kw type="kw" name="BuiltIn.Should Be Equal" timeout="">
<doc>Fails if the given objects are unequal.</doc>
<arguments>
<arg>${calculated total}</arg>
<arg>${total}</arg>
</arguments>
<msg timestamp="20120509 14:15:39.060" level="INFO">Argument types are:
&lt;type 'str'&gt;
&lt;type 'unicode'&gt;</msg>
<status status="PASS" endtime="20120509 14:15:39.060" starttime="20120509 14:15:39.059"></status>
</kw>
<status status="PASS" endtime="20120509 14:15:39.060" starttime="20120509 14:15:39.055"></status>
</kw>
<doc></doc>
<tags>
</tags>
<status status="PASS" endtime="20120509 14:15:39.060" critical="yes" starttime="20120509 14:15:39.054"></status>
</test>
<test id="s1-t3" timeout="" name="Adding two different items with no sales tax">
<kw type="kw" name="Adding items to cart" timeout="">
<doc></doc>
<arguments>
<arg>frozen pizza</arg>
<arg>2.50</arg>
<arg>carton of milk</arg>
<arg>3.50</arg>
<arg>0.0</arg>
<arg>6.00</arg>
</arguments>
<kw type="kw" name="Add item" timeout="">
<doc></doc>
<arguments>
<arg>${item1}</arg>
<arg>${price1}</arg>
</arguments>
<kw type="kw" name="recipe39.Add Item To Cart" timeout="">
<doc></doc>
<arguments>
<arg>${description}</arg>
<arg>${price}</arg>
</arguments>
<status status="PASS" endtime="20120509 14:15:39.063" starttime="20120509 14:15:39.063"></status>
</kw>
<status status="PASS" endtime="20120509 14:15:39.064" starttime="20120509 14:15:39.062"></status>
</kw>
<kw type="kw" name="Add item" timeout="">
<doc></doc>
<arguments>
<arg>${item2}</arg>
<arg>${price2}</arg>
</arguments>
<kw type="kw" name="recipe39.Add Item To Cart" timeout="">
<doc></doc>
<arguments>
<arg>${description}</arg>
<arg>${price}</arg>
</arguments>
<status status="PASS" endtime="20120509 14:15:39.065" starttime="20120509 14:15:39.065"></status>
</kw>
<status status="PASS" endtime="20120509 14:15:39.065" starttime="20120509 14:15:39.064"></status>
</kw>
<kw type="kw" name="${calculated total} = recipe39.Get Total" timeout="">
<doc></doc>
<arguments>
<arg>${tax}</arg>
</arguments>
<msg timestamp="20120509 14:15:39.066" level="INFO">${calculated total} = 6.00</msg>
<status status="PASS" endtime="20120509 14:15:39.066" starttime="20120509 14:15:39.065"></status>
</kw>
<kw type="kw" name="BuiltIn.Should Be Equal" timeout="">
<doc>Fails if the given objects are unequal.</doc>
<arguments>
<arg>${calculated total}</arg>
<arg>${total}</arg>
</arguments>
<msg timestamp="20120509 14:15:39.066" level="INFO">Argument types are:
&lt;type 'str'&gt;
&lt;type 'unicode'&gt;</msg>
<status status="PASS" endtime="20120509 14:15:39.067" starttime="20120509 14:15:39.066"></status>
</kw>
<status status="PASS" endtime="20120509 14:15:39.067" starttime="20120509 14:15:39.061"></status>
</kw>
<doc></doc>
<tags>
</tags>
<status status="PASS" endtime="20120509 14:15:39.067" critical="yes" starttime="20120509 14:15:39.061"></status>
</test>
<test id="s1-t4" timeout="" name="Adding two different items with sales tax">
<kw type="kw" name="Adding items to cart" timeout="">
<doc></doc>
<arguments>
<arg>frozen pizza</arg>
<arg>2.50</arg>
<arg>carton of milk</arg>
<arg>3.50</arg>
<arg>10.0</arg>
<arg>6.60</arg>
</arguments>
<kw type="kw" name="Add item" timeout="">
<doc></doc>
<arguments>
<arg>${item1}</arg>
<arg>${price1}</arg>
</arguments>
<kw type="kw" name="recipe39.Add Item To Cart" timeout="">
<doc></doc>
<arguments>
<arg>${description}</arg>
<arg>${price}</arg>
</arguments>
<status status="PASS" endtime="20120509 14:15:39.070" starttime="20120509 14:15:39.070"></status>
</kw>
<status status="PASS" endtime="20120509 14:15:39.070" starttime="20120509 14:15:39.069"></status>
</kw>
<kw type="kw" name="Add item" timeout="">
<doc></doc>
<arguments>
<arg>${item2}</arg>
<arg>${price2}</arg>
</arguments>
<kw type="kw" name="recipe39.Add Item To Cart" timeout="">
<doc></doc>
<arguments>
<arg>${description}</arg>
<arg>${price}</arg>
</arguments>
<status status="PASS" endtime="20120509 14:15:39.072" starttime="20120509 14:15:39.071"></status>
</kw>
<status status="PASS" endtime="20120509 14:15:39.072" starttime="20120509 14:15:39.070"></status>
</kw>
<kw type="kw" name="${calculated total} = recipe39.Get Total" timeout="">
<doc></doc>
<arguments>
<arg>${tax}</arg>
</arguments>
<msg timestamp="20120509 14:15:39.073" level="INFO">${calculated total} = 6.60</msg>
<status status="PASS" endtime="20120509 14:15:39.072" starttime="20120509 14:15:39.072"></status>
</kw>
<kw type="kw" name="BuiltIn.Should Be Equal" timeout="">
<doc>Fails if the given objects are unequal.</doc>
<arguments>
<arg>${calculated total}</arg>
<arg>${total}</arg>
</arguments>
<msg timestamp="20120509 14:15:39.073" level="INFO">Argument types are:
&lt;type 'str'&gt;
&lt;type 'unicode'&gt;</msg>
<status status="PASS" endtime="20120509 14:15:39.073" starttime="20120509 14:15:39.073"></status>
</kw>
<status status="PASS" endtime="20120509 14:15:39.074" starttime="20120509 14:15:39.068"></status>
</kw>
<doc></doc>
<tags>
</tags>
<status status="PASS" endtime="20120509 14:15:39.074" critical="yes" starttime="20120509 14:15:39.067"></status>
</test>
<doc></doc>
<status status="PASS" endtime="20120509 14:15:39.075" starttime="20120509 14:15:39.020"></status>
</suite>
<statistics>
<total>
<stat fail="0" pass="4">Critical Tests</stat>
<stat fail="0" pass="4">All Tests</stat>
</total>
<tag>
</tag>
<suite>
<stat fail="0" id="s1" name="Recipe39" pass="4">Recipe39</stat>
</suite>
</statistics>
<errors>
</errors>
</robot>
