<?xml version="1.0" ?><gps-data><location latitude="35.972033" longitude="-87.134700"><description>Mountain Bike Heaven by susy1313
</description></location><location latitude="36.090683" longitude="-86.679550"><description>The Troll by a182pilot and Family
</description></location><location latitude="35.99627" longitude="-86.62012"><description>Dive Bomber by JoGPS and family
</description></location><location latitude="36.03848" longitude="-86.64862"><description>FOSTER by JoGPS and Family
</description></location></gps-data>