<?xml version="1.0" encoding="UTF-8"?>
<robot generated="20120509 12:59:00.825" generator="Robot 2.7.1 (Python 2.7.2 on linux2)">
<suite source="/home/ravi/Training/may-07-python/robot/example_tests.tsv" id="s1" name="Example Tests">
<metadata>
</metadata>
<test id="s1-t1" timeout="" name="Simple Test">
<kw type="kw" name="ExampleLibrary.Simple Keyword" timeout="">
<doc>Log a message</doc>
<arguments>
</arguments>
<msg timestamp="20120509 12:59:00.927" level="INFO">You have used the simplest keyword.</msg>
<status status="PASS" endtime="20120509 12:59:00.927" starttime="20120509 12:59:00.926"></status>
</kw>
<kw type="kw" name="ExampleLibrary.Greet" timeout="">
<doc>Logs a friendly greeting to person given as argument</doc>
<arguments>
<arg>Robot Framework</arg>
</arguments>
<msg timestamp="20120509 12:59:00.930" level="INFO">Hello Robot Framework!</msg>
<status status="PASS" endtime="20120509 12:59:00.930" starttime="20120509 12:59:00.928"></status>
</kw>
<kw type="kw" name="ExampleLibrary.Greet" timeout="">
<doc>Logs a friendly greeting to person given as argument</doc>
<arguments>
<arg>World</arg>
</arguments>
<msg timestamp="20120509 12:59:00.932" level="INFO">Hello World!</msg>
<status status="PASS" endtime="20120509 12:59:00.932" starttime="20120509 12:59:00.931"></status>
</kw>
<doc></doc>
<tags>
</tags>
<status status="PASS" endtime="20120509 12:59:00.933" critical="yes" starttime="20120509 12:59:00.924"></status>
</test>
<test id="s1-t2" timeout="" name="Returning Value">
<kw type="kw" name="${result} = ExampleLibrary.Multiply By Two" timeout="">
<doc>Returns the given number multiplied by two</doc>
<arguments>
<arg>4.1</arg>
</arguments>
<msg timestamp="20120509 12:59:00.939" level="INFO">${result} = 8.2</msg>
<status status="PASS" endtime="20120509 12:59:00.939" starttime="20120509 12:59:00.937"></status>
</kw>
<kw type="kw" name="ExampleLibrary.Numbers Should Be Equal" timeout="">
<doc></doc>
<arguments>
<arg>${result}</arg>
<arg>8.2</arg>
</arguments>
<status status="PASS" endtime="20120509 12:59:00.939" starttime="20120509 12:59:00.939"></status>
</kw>
<doc></doc>
<tags>
</tags>
<status status="PASS" endtime="20120509 12:59:00.940" critical="yes" starttime="20120509 12:59:00.935"></status>
</test>
<test id="s1-t3" timeout="" name="Failing Test">
<kw type="kw" name="ExampleLibrary.Numbers Should Be Equal" timeout="">
<doc></doc>
<arguments>
<arg>2</arg>
<arg>2</arg>
</arguments>
<status status="PASS" endtime="20120509 12:59:00.941" starttime="20120509 12:59:00.941"></status>
</kw>
<kw type="kw" name="ExampleLibrary.Numbers Should Be Equal" timeout="">
<doc></doc>
<arguments>
<arg>2</arg>
<arg>3</arg>
</arguments>
<msg timestamp="20120509 12:59:00.942" level="FAIL">Given numbers are unequal!</msg>
<status status="FAIL" endtime="20120509 12:59:00.942" starttime="20120509 12:59:00.941"></status>
</kw>
<doc></doc>
<tags>
</tags>
<status status="FAIL" endtime="20120509 12:59:00.942" critical="yes" starttime="20120509 12:59:00.940">Given numbers are unequal!</status>
</test>
<doc></doc>
<status status="FAIL" endtime="20120509 12:59:00.943" starttime="20120509 12:59:00.825"></status>
</suite>
<statistics>
<total>
<stat fail="1" pass="2">Critical Tests</stat>
<stat fail="1" pass="2">All Tests</stat>
</total>
<tag>
</tag>
<suite>
<stat fail="1" id="s1" name="Example Tests" pass="2">Example Tests</stat>
</suite>
</statistics>
<errors>
</errors>
</robot>
